{
	"pages": [{
		"path": "pages/index/index",
		"style": {
			"navigationBarTitleText": "首页",
			"enablePullDownRefresh": true,
			"app-plus": {
				"scrollIndicator": "none",
				"pullToRefresh": {
					"style": "circle"
				}
			}
			// "navigationStyle": "custom", // 隐藏系统导航栏
			// "navigationBarTextStyle": "white" // 状态栏字体为白色，只能为 white-白色，black-黑色 二选一
		}
	}, {
		"path": "pages/my/my",
		"style": {
			"navigationBarTitleText": "我的",
			"enablePullDownRefresh": false
		}

	}, {
		"path": "pages/Initiate/Initiate",
		"style": {
			"navigationBarTitleText": "发起",
			"enablePullDownRefresh": false
		}
	}, {
		"path": "pages/index/list",
		"style": {
			"navigationBarTitleText": "",
			"enablePullDownRefresh": true,
			"app-plus": {
				"pullToRefresh": {
					"style": "circle"
				}
			}
		}

	}, {
		"path": "pages/Initiate/feedback",
		"style": {
			"navigationBarTitleText": "",
			"enablePullDownRefresh": false
		}

	}, {
		"path": "pages/index/detaill",
		"style": {
			"navigationBarTitleText": "详情",
			"enablePullDownRefresh": true,
			"backgroundColor": "#f3f3f3"
		}

	}, {
		"path": "pages/agreement/use",
		"style": {
			"navigationBarTitleText": "星火工益使用协议",
			"enablePullDownRefresh": false
		}

	}, {
		"path": "pages/agreement/privacy",
		"style": {
			"navigationBarTitleText": "星火工益隐私协议",
			"enablePullDownRefresh": false
		}

	}, {
		"path": "pages/my/onto",
		"style": {
			"navigationBarTitleText": "我参与的",
			"enablePullDownRefresh": true
		}

	}, {
		"path": "pages/my/Initiate",
		"style": {
			"navigationBarTitleText": "我发起的",
			"enablePullDownRefresh": true
		}

	}, {
		"path": "pages/Initiate/feedbackdetill",
		"style": {
			"navigationBarTitleText": "",
			"enablePullDownRefresh": false
		}

	}],
	"globalStyle": {
		"navigationBarTextStyle": "black",
		"navigationBarTitleText": "",
		"navigationBarBackgroundColor": "#F8F8F8",
		"backgroundColor": "#F8F8F8"
	},
	"easycom": {
		"^u-(.*)": "@/uview-ui/components/u-$1/u-$1.vue"
	},
	"tabBar": {
		"color": "#7A7E83",
		"selectedColor": "#32e970",
		"borderStyle": "black",
		"backgroundColor": "#ffffff",
		"list": [{
			"pagePath": "pages/index/index",
			"iconPath": "static/image/tabBar/home.png",
			"selectedIconPath": "static/image/tabBar/home@1.png",
			"text": "首页"
		}, {
			"pagePath": "pages/Initiate/Initiate",
			"iconPath": "static/image/tabBar/Initiate.png",
			"selectedIconPath": "static/image/tabBar/Initiate@1.png",
			"text": "发起"
		}, {
			"pagePath": "pages/my/my",
			"iconPath": "static/image/tabBar/my.png",
			"selectedIconPath": "static/image/tabBar/my@1.png",
			"text": "我的"
		}]
	}
}
