{
	"pages": [{
			"path": "pages/AanewPages/start_ad",
			"style": {
				"app-plus": {
					"titleNView": false
				}
			}
		},
		{
			"path": "pages/index/index",
			"style": {
				"navigationBarTitleText": "亿人一家"
			}
		},
		{
			"path": "pages/usernum/usernum",
			"style": {
				"navigationBarTitleText": "全民大会"
			}
		},
		{
			"path": "pages/gong/gong",
			"style": {
				"navigationBarTitleText": "贡献值"
			}
		},
		{
			"path": "pages/ceshi/ceshi",
			"style": {
				"navigationBarTitleText": "什么是亿积分"
			}
		},
		{
			"path": "pages/aiting/aiting",
			"style": {
				"navigationBarTitleText": "兑换等待期"
			}
		},
		{
			"path": "pages/setups/setups",
			"style": {
				"navigationBarTitleText": "设置密码"
			}
		},
		{
			"path": "pages/setup/setup",
			"style": {
				"navigationBarTitleText": "支付设置"
			}
		},
		{
			"path": "pages/number/number",
			"style": {
				"navigationBarTitleText": "增值积分"
			}
		},
		{
			"path": "pages/my/my",
			"style": {
				"navigationBarTitleText": "我的"
			}
		},
		{
			"path": "pages/msg/msg",
			"style": {
				"navigationBarTitleText": "系统消息"
			}
		},
		{
			"path": "pages/msgdetail/msgdetail",
			"style": {
				"navigationBarTitleText": "邮件内容"
			}
		},
		{
			"path": "pages/login/login",
			"style": {
				"navigationBarTitleText": "登录"
			}
		},
		{
			"path": "pages/rcode/rcode",
			"style": {}
		},
		{
			"path": "pages/vido/vido",
			"style": {
				"navigationBarTitleText": "兑换：亿人一家会员"
			}
		},
		{
			"path": "pages/code/code",
			"style": {
				"navigationBarTitleText": "邀请好友"
			}
		},
		{
			"path": "pages/customer/customer",
			"style": {
				"navigationBarTitleText": "常见疑问"
			}
		},
		{
			"path": "pages/cust/cust",
			"style": {}
		},
		{
			"path": "pages/map/map",
			"style": {
				"navigationBarTitleText": "合伙人推荐关系图谱"
			}
		},
		{
			"path": "pages/ordie/ordie",
			"style": {
				"navigationBarTitleText": "推荐关系图谱",
				"enablePullDownRefresh": true,
				"backgroundColor": "#0B3FFF"
			}
		},
		{
			"path": "pages/limit/limit",
			"style": {
				"navigationBarTitleText": "限时活动"
			}
		},
		{
			"path": "pages/exchan/exchan",
			"style": {
				"navigationBarTitleText": "积分兑换"
			}
		},
		{
			"path": "pages/giftbag/giftbag",
			"style": {
				"navigationBarTitleText": "认购天使合伙人"
			}
		},
		{
			"path": "pages/rqcode/rqcode",
			"style": {}
		},
		{
			"path": "pages/exchang/exchang",
			"style": {
				"navigationBarTitleText": "积分兑换"
			}
		},
		{
			"path": "pages/privacy/privacy",
			"style": {}
		},
		{
			"path": "pages/agreements/agreements",
			"style": {}
		},
		{
			"path": "pages/partnership/partnership",
			"style": {
				"navigationBarTitleText": "合伙人计划"
			}
		},
		{
			"path": "pages/pupay/pupay",
			"style": {
				"navigationBarTitleText": "认购支付"
			}
		},
		{
			"path": "pages/staff/staff",
			"style": {
				"navigationBarTitleText": "注册合伙人"
			}
		},
		{
			"path": "pages/pecialist/pecialist",
			"style": {
				"navigationBarTitleText": "天使合伙人"
			}
		},
		{
			"path": "pages/stotails/stotails",
			"style": {
				"navigationBarTitleText": "加入会员"
			}
		},
		{
			"path": "pages/myadd/myadd",
			"style": {
				"navigationBarTitleText": "实名认证"
			}
		},
		{
			"path": "pages/editauthen/editauthen",
			"style": {
				"navigationBarTitleText": "编辑实名认证"
			}
		},
		{
			"path": "pages/share/share",
			"style": {
				"navigationBarTitleText": "分享有礼"
			}
		},
		{
			"path": "pages/edit/edit",
			"style": {
				"navigationBarTitleText": "认证资料"
			}
		},
		{
			"path": "pages/forget/forget",
			"style": {
				"navigationBarTitleText": "找回密码"
			}
		},
		{
			"path": "pages/money/money",
			"style": {
				"navigationBarBackgroundColor": "#0B3FFF",
				"navigationBarTitleText": "账号管理"
			}
		},
		{
			"path": "pages/log/log",
			"style": {
				"navigationBarTitleText": "注册"
			}
		},
		{
			"path": "pages/autobiog/autobiog",
			"style": {}
		},
		{
			"path": "pages/compan/compan",
			"style": {}
		},
		{
			"path": "pages/mdsucerr/mdsucerr",
			"style": {
				"navigationBarTitleText": "个人信息"
			}
		},
		{
			"path": "pages/bannerurl/bannerurl",
			"style": {
				"navigationBarTitleText": "亿人一家"
			}
		},
		{
			"path": "pages/mentary/mentary",
			"style": {
				"navigationBarTitleText": "医补计划"
			}
		},
		{
			"path": "pages/familylist/familylist",
			"style": {
				"navigationBarTitleText": "家人列表"
			}
		},
		{
			"path": "pages/ontinue/ontinue",
			"style": {
				"navigationBarTitleText": "家人加入"
			}
		},
		{
			"path": "pages/frinde/frinde",
			"style": {
				"navigationBarTitleText": "他人加入"
			}
		},
		{
			"path": "pages/addfamily/addfamily",
			"style": {
				"navigationBarTitleText": "完善家人信息"
			}
		},
		{
			"path": "pages/contribution/contribution",
			"style": {
				"navigationBarTitleText": "兑换期权"
			}
		},
		{
			"path": "pages/exshares/exshares",
			"style": {
				"navigationBarTitleText": "兑换期权"
			}
		},
		{
			"path": "pages/mail/mail",
			"style": {}
		},
		{
			"path": "pages/autograph/autograph",
			"style": {
				"navigationBarTitleText": "签名页"
			}
		},
		{
			"path": "pages/treaty/treaty",
			"style": {
				"navigationBarTitleText": "我的协议"
			}
		},
		{
			"path": "pages/viptreaty/viptreaty",
			"style": {
				"navigationBarTitleText": "会员公约"
			}
		},
		{
			"path": "pages/postage/postage",
			"style": {
				"navigationBarTitleText": "运费支付"
			}
		},
		{
			"path": "pages/signtreaty/signtreaty",
			"style": {
				"navigationBarTitleText": "协议签署"
			}
		},
		{
			"path": "pages/bill/bill",
			"style": {
				"navigationBarTitleText": "账单明细",
				"enablePullDownRefresh": true
			}
		},
		{
			"path": "pages/billdetails/billdetails",
			"style": {
				"navigationBarTitleText": "收入详情"
			}
		},
		{
			"path": "pages/equity/equity",
			"style": {
				"navigationBarTitleText": "权益服务"
			}
		},
		{
			"path": "pages/policy/policy",
			"style": {
				"navigationBarTitleText": "政策解读",
				"enablePullDownRefresh": true
			}
		},
		{
			"path": "pages/detail/detail",
			"style": {
				"navigationBarTitleText": "政策详情解读"
			}
		},
		{
			"path": "pages/paytype/paytype",
			"style": {}
		},
		{
			"path": "pages/bind_bank/bind_bank",
			"style": {
				"navigationBarTitleText": "绑定银行卡"
			}
		},
		{
			"path": "pages/aplay/aplay",
			"style": {}
		},
		{
			"path": "pages/bank/bank",
			"style": {
				"navigationBarTitleText": "我的银行卡"
			}
		},
		{
			"path": "pages/bank_detail/bank_detail",
			"style": {}
		},
		{
			"path": "pages/staff_list/staff_list",
			"style": {}
		},
		{
			"path": "pages/apply_help/apply_help",
			"style": {
				"navigationBarTitleText": "申请援助"
			}
		},
		{
			"path": "pages/apply_bill/apply_bill",
			"style": {
				"navigationBarTitleText": "申请援助"
			}
		},
		{
			"path": "pages/upload_apply/upload_apply",
			"style": {
				"navigationBarTitleText": "申请援助"
			}
		},
		{
			"path": "pages/witness/witness",
			"style": {
				"navigationBarTitleText": "申请援助",
				"enablePullDownRefresh": true
			}
		},
		{
			"path": "pages/apply_help_msg/apply_help_msg",
			"style": {
				"navigationBarTitleText": "申请援助"
			}
		},
		{
			"path": "pages/help_publicity/help_publicity",
			"style": {
				"navigationBarTitleText": "援助公示"
			}
		},
		{
			"path": "pages/help_publicity_list/help_publicity_list",
			"style": {
				"navigationBarTitleText": "援助公示",
				"enablePullDownRefresh": true
			}
		},
		{
			"path": "pages/set_complaint/set_complaint",
			"style": {
				"navigationBarTitleText": "普通合伙人"
			}
		},
		{
			"path": "pages/old_help_publicity/old_help_publicity",
			"style": {}
		},
		{
			"path": "pages/Service_upgrade/Service_upgrade",
			"style": {}
		},
		{
			"path": "pages/new_html/new_html",
			"style": {}
		},
		{
			"path": "pages/AanewPages/newMoneyMaking",
			"style": {
				"navigationBarTitleText": "赚钱活动"
			}
		},
		{
			"path": "pages/AanewPages/accountSettings",
			"style": {
				"navigationBarTitleText": "账户设置"
			}
		},
		{
			"path": "pages/AanewPages/reserveFund",
			"style": {
				"navigationBarTitleText": "储备金"
			}
		},
		{
			"path": "pages/AanewPages/newsList",
			"style": {
				"navigationBarTitleText": "广告",
				"enablePullDownRefresh": true //设置为true表示当前页面开启下拉刷新
			}
		},
		{
			"path": "pages/AanewPages/earnGoldList",
			"style": {
				"navigationBarTitleText": "赚金币"
			}
		},
		{
			"path": "pages/AanewPages/newsDetils",
			"style": {
				"navigationBarTitleText": "文章"
			}
		},
		{
			"path": "pages/AanewPages/videodetils",
			"style": {
				"navigationBarTitleText": "视频"
			}
		},
		{
			"path": "pages/AanewPages/activeLevel",
			"style": {
				"navigationBarTitleText": "活跃等级"
			}
		},
		{
			"path": "pages/AanewPages/goldCoin",
			"style": {
				"navigationBarTitleText": "金币管理"
			}
		},
		{
			"path": "pages/AanewPages/goldDetails",
			"style": {
				"navigationBarTitleText": "金币明细",
				"enablePullDownRefresh": true
			}
		},
		{
			"path": "pages/AanewPages/stockExchange",
			"style": {
				"navigationBarTitleText": "兑换分红股"
			}
		},
		{
			"path": "pages/AanewPages/withdrawal",
			"style": {
				"navigationBarTitleText": "提现"
			}
		},
		{
			"path": "pages/AanewPages/signMoney",
			"style": {
				"navigationBarTitleText": "签到"
			}
		},
		{
			"path": "pages/AanewPages/walkRaido",
			"style": {
				"navigationBarTitleText": "走路赚钱"
			}
		}, {
			"path": "pages/AanewPages/mealAllowance",
			"style": {
				"navigationBarTitleText": "吃饭补贴"
			}
		}, {
			"path": "pages/AanewPages/pointsList",
			"style": {
				"navigationBarTitleText": "积分明细"
			}
		}, {
			"path": "pages/AanewPages/contributionValue",
			"style": {
				"navigationBarTitleText": "积分明细"
			}
		}, {
			"path": "pages/AanewPages/myAgreement",
			"style": {
				"navigationBarTitleText": "我的协议"
			}
		}, {
			"path": "pages/AanewPages/addres",
			"style": {
				"navigationBarTitleText": "收货地址"
			}
		}, {
			"path": "pages/AanewPages/bindContacts",
			"style": {
				"navigationBarTitleText": "绑定推荐人"
			}
		}, {
			"path": "pages/AanewPages/aboutUs",
			"style": {
				"navigationBarTitleText": "关于我们"
			}
		}, {
			"path": "pages/AanewPages/changePassword",
			"style": {
				"navigationBarTitleText": "修改登录密码"
			}
		}, {
			"path": "pages/AanewPages/systemMessage",
			"style": {
				"navigationBarTitleText": "系统消息"
			}
		}, {
			"path": "pages/AanewPages/version",
			"style": {
				"navigationBarTitleText": "软件版本"
			}
		}, {
			"path": "pages/AanewPages/strategy",
			"style": {
				"navigationBarTitleText": "玩法攻略"
			}
		}, {
			"path": "pages/AanewPages/exchangeCode",
			"style": {
				"navigationBarTitleText": "我的兑换码"
			}
		}, {
			"path": "pages/AanewPages/invitationCode",
			"style": {
				"navigationBarTitleText": "我的邀请码"
			}
		}, {
			"path": "pages/AanewPages/freeCharge",
			"style": {
				"navigationBarTitleText": "免费领取"
			}
		}, {
			"path": "pages/AanewPages/freeConfirm",
			"style": {
				"navigationBarTitleText": "免费领取"
			}
		}, {
			"path": "pages/AanewPages/ad_banner",
			"style": {
				"app-plus": {
					"titleNView": false
				}
			}
		}, {
			"path": "pages/AanewPages/myOrder",
			"style": {
				"navigationBarTitleText": "免费领取"
			}
		}, {
			"path": "pages/AanewPages/NewPersonList",
			"style": {
				"navigationBarTitleText": "新人商品"
			}
		}, {
			"path": "pages/AanewPages/customerService",
			"style": {
				"navigationBarTitleText": "客服"
			}
		}, {
			"path": "pages/AanewPages/userClause",
			"style": {
				"navigationBarTitleText": "用户协议"
			}
		}, {
			"path": "pages/AanewPages/privacyClause",
			"style": {
				"navigationBarTitleText": "隐私条款"
			}
		},
		        {
		            "path": "uni_modules/uni-news-with-ad/pages/news",
		            "style": {
		                "navigationBarTitleText": "新闻中心"
		            }
		        }, {
		            "path": "uni_modules/uni-news-with-ad/pages/news-detail",
		            "style": {
		                "navigationBarTitleText": "新闻详情"
		            }
		        }
	],
	"tabBar": {
		"color": "#999999",
		"selectedColor": "#107BFD",
		"list": [{
				"iconPath": "/static/images/tabBar/home.png",
				"selectedIconPath": "/static/images/tabBar/home-active.png",
				"pagePath": "pages/index/index",
				"text": "首页"
			},
			{
				"iconPath": "/static/images/tabBar/news.png",
				"selectedIconPath": "/static/images/tabBar/news-active.png",
				"pagePath": "pages/AanewPages/earnGoldList",
				"text": "赚积分"
			},
			{
				"iconPath": "/static/images/tabBar/my.png",
				"selectedIconPath": "/static/images/tabBar/my-active.png",
				"pagePath": "pages/my/my",
				"text": "我的"
			}
		]
	},
	"sitemapLocation": "sitemap.json",
	"globalStyle": {
		"backgroundTextStyle": "light",
		"navigationBarBackgroundColor": "#0B3FFF",
		"navigationBarTextStyle": "white"
	},
	"condition" : { //模式配置，仅开发期间生效
		"current": 0, //当前激活的模式(list 的索引项)
		"list": [
			{
				"name": "", //模式名称
				"path": "", //启动页面，必选
				"query": "" //启动参数，在页面的onLoad函数里面得到
			}
		]
	},
	"subPackages": []
}
